K,triton_tflops,cublas_tflops
128,451.4739804424652,492.9041923198754
256,759.3655851714963,845.4252491115337
384,924.8111904681591,1072.8628877910512
512,1012.4078654236567,1221.7073962124193
640,1064.5372899838987,1312.9638476822618
768,1119.543220909217,1341.8016098718417
896,1162.7144728898402,1373.3451375444138
1024,1197.5180982524246,1389.3427661032504
