K,triton_tflops,cublas_tflops
128,684.9147626069671,647.1911004697179
256,1187.5224402211861,1102.4978083034066
384,1561.2950945767918,1521.1786607678207
512,1851.9634715626635,1950.2326223695034
640,2056.7935934842235,2299.9886834338713
768,2214.034455309988,2607.8646329869034
896,2317.219163174864,2729.7503024072057
1024,2374.904601558092,2770.042099089022
