K,triton_tflops,cublas_tflops
512,1011.8867640580312,0.0
1024,1731.3174936394678,0.0
2048,2729.9276803155703,0.0
4096,3858.968140651506,0.0
8192,4520.28163615377,0.0
