K,triton_tflops,cublas_tflops
8192,2247.000794855541,2886.078892565633
16384,2319.804361684792,2809.7430754473353
