K,triton_tflops,cublas_tflops
512,986.7942907745698,0.0
1024,1698.480745499955,0.0
2048,2635.303870497873,0.0
4096,3641.716773312249,0.0
8192,4230.074820330479,0.0
