K,triton_tflops,cublas_tflops
128,451.03511657094464,492.584796613048
256,757.9068476147196,845.1021937574945
384,923.4935309702191,1069.400330422114
512,1022.2051812141848,1221.4955389654501
640,1065.0909600916082,1316.3666763142396
768,1121.5034398596233,1345.1486437438923
896,1165.0886255513162,1376.5946492143298
1024,1195.6677304374082,1388.207824410509
