K,triton_tflops,cublas_tflops
128,686.4290789218494,645.2956797776111
256,1187.823668091922,1103.3849388380513
384,1565.68054813472,1520.7243566437926
512,1848.1672422742254,1950.842471831258
640,2060.8315164109845,2301.6936281256308
768,2211.5879272904876,2606.3377091674424
896,2307.479049900224,2723.6950094817716
1024,2375.479654639753,2765.0492948203487
