K,triton_tflops,cublas_tflops
512,1009.5277073013664,0.0
1024,1735.8573849817749,0.0
2048,2735.770197510359,0.0
4096,3862.8588456242796,0.0
8192,4522.677921464547,0.0
