K,triton_tflops,cublas_tflops
8192,2248.4172374782997,461.51465575242537
16384,2319.284699557661,457.5333293027515
