K,triton_tflops,cublas_tflops
512,989.2644418113506,0.0
1024,1701.5764635720836,0.0
2048,2636.9575981661974,0.0
4096,3645.6065377437985,0.0
8192,4205.820184884623,0.0
