K,triton_tflops,cublas_tflops
128,458.23076643332934,527.5136841689883
256,757.5110616068431,875.0725654888566
384,895.1169607792136,1015.0364389987571
512,990.2103977116042,1143.8232903635146
640,1033.8770577090033,1290.3319266805381
768,1096.3023789361591,1262.1410055190868
896,1136.3712500996126,1292.334035047263
1024,1161.1038326507226,1299.5522980171415
