K,triton_tflops,cublas_tflops
128,698.575074996039,645.5313701032715
256,1191.3592808397311,1200.683529562602
384,1571.75082469142,1566.7046467722732
512,1860.7953570578486,2093.2381740153087
640,1995.6482229986132,2408.3909314457132
768,2159.4343658711996,2463.186544955127
896,2253.2579377294296,2575.7458852468667
1024,2325.5934394496685,2659.0368856164773
