K,triton_tflops,cublas_tflops
512,1016.6222334285634,0.0
1024,1742.960030169085,0.0
2048,2736.9510748354705,0.0
4096,3780.7202179865412,0.0
8192,4442.363466466378,0.0
