K,triton_tflops,cublas_tflops
8192,2210.06030935926,2867.6332362430367
16384,2280.330908233589,2741.9976532096275
