K,triton_tflops,cublas_tflops
512,990.6519367083265,0.0
1024,1708.9296756743704,0.0
2048,2647.5377833012444,0.0
4096,3564.2024750156856,0.0
8192,4141.652342381567,0.0
